"REF_DATE","GEO","DGUID","National Occupational Classification","Job vacancy characteristics","Statistics","UOM","UOM_ID","SCALAR_FACTOR","SCALAR_ID","VECTOR","COORDINATE","VALUE","STATUS","SYMBOL","TERMINATED","DECIMALS"
"2022-07","Canada","2016A000011124","Total, all occupations","Minimum level of education required, all levels","Job vacancies","Number","223","units","0","v104496280","1.1.4.1","991680","A","","","0"
"2022-10","Canada","2016A000011124","Total, all occupations","Minimum level of education required, all levels","Job vacancies","Number","223","units","0","v104496280","1.1.4.1","855890","A","","","0"
"2023-01","Canada","2016A000011124","Total, all occupations","Minimum level of education required, all levels","Job vacancies","Number","223","units","0","v104496280","1.1.4.1","781205","A","","","0"
"2023-04","Canada","2016A000011124","Total, all occupations","Minimum level of education required, all levels","Job vacancies","Number","223","units","0","v104496280","1.1.4.1","818195","A","","","0"
"2023-07","Canada","2016A000011124","Total, all occupations","Minimum level of education required, all levels","Job vacancies","Number","223","units","0","v104496280","1.1.4.1","737530","A","","","0"
"2022-07","Canada","2016A000011124","Total, all occupations","No minimum level of education required","Job vacancies","Number","223","units","0","v104496283","1.1.5.1","375205","A","","","0"
"2022-10","Canada","2016A000011124","Total, all occupations","No minimum level of education required","Job vacancies","Number","223","units","0","v104496283","1.1.5.1","300010","A","","","0"
"2023-01","Canada","2016A000011124","Total, all occupations","No minimum level of education required","Job vacancies","Number","223","units","0","v104496283","1.1.5.1","242950","A","","","0"
"2023-04","Canada","2016A000011124","Total, all occupations","No minimum level of education required","Job vacancies","Number","223","units","0","v104496283","1.1.5.1","279695","A","","","0"
"2023-07","Canada","2016A000011124","Total, all occupations","No minimum level of education required","Job vacancies","Number","223","units","0","v104496283","1.1.5.1","240625","A","","","0"
"2022-07","Canada","2016A000011124","Total, all occupations","High school diploma or equivalent","Job vacancies","Number","223","units","0","v104496286","1.1.6.1","229110","A","","","0"
"2022-10","Canada","2016A000011124","Total, all occupations","High school diploma or equivalent","Job vacancies","Number","223","units","0","v104496286","1.1.6.1","196585","A","","","0"
"2023-01","Canada","2016A000011124","Total, all occupations","High school diploma or equivalent","Job vacancies","Number","223","units","0","v104496286","1.1.6.1","190790","A","","","0"
"2023-04","Canada","2016A000011124","Total, all occupations","High school diploma or equivalent","Job vacancies","Number","223","units","0","v104496286","1.1.6.1","195975","A","","","0"
"2023-07","Canada","2016A000011124","Total, all occupations","High school diploma or equivalent","Job vacancies","Number","223","units","0","v104496286","1.1.6.1","174320","A","","","0"
"2022-07","Canada","2016A000011124","Total, all occupations","Non-university certificate or diploma","Job vacancies","Number","223","units","0","v104496289","1.1.7.1","241255","A","","","0"
"2022-10","Canada","2016A000011124","Total, all occupations","Non-university certificate or diploma","Job vacancies","Number","223","units","0","v104496289","1.1.7.1","216925","A","","","0"
"2023-01","Canada","2016A000011124","Total, all occupations","Non-university certificate or diploma","Job vacancies","Number","223","units","0","v104496289","1.1.7.1","213040","A","","","0"
"2023-04","Canada","2016A000011124","Total, all occupations","Non-university certificate or diploma","Job vacancies","Number","223","units","0","v104496289","1.1.7.1","212720","A","","","0"
"2023-07","Canada","2016A000011124","Total, all occupations","Non-university certificate or diploma","Job vacancies","Number","223","units","0","v104496289","1.1.7.1","198615","A","","","0"
"2022-07","Canada","2016A000011124","Total, all occupations","University certificate or diploma below bachelor's level","Job vacancies","Number","223","units","0","v104496298","1.1.10.1","29265","A","","","0"
"2022-10","Canada","2016A000011124","Total, all occupations","University certificate or diploma below bachelor's level","Job vacancies","Number","223","units","0","v104496298","1.1.10.1","28900","A","","","0"
"2023-01","Canada","2016A000011124","Total, all occupations","University certificate or diploma below bachelor's level","Job vacancies","Number","223","units","0","v104496298","1.1.10.1","27215","A","","","0"
"2023-04","Canada","2016A000011124","Total, all occupations","University certificate or diploma below bachelor's level","Job vacancies","Number","223","units","0","v104496298","1.1.10.1","26810","A","","","0"
"2023-07","Canada","2016A000011124","Total, all occupations","University certificate or diploma below bachelor's level","Job vacancies","Number","223","units","0","v104496298","1.1.10.1","24895","A","","","0"
"2022-07","Canada","2016A000011124","Total, all occupations","Bachelor's degree","Job vacancies","Number","223","units","0","v104496304","1.1.12.1","94795","A","","","0"
"2022-10","Canada","2016A000011124","Total, all occupations","Bachelor's degree","Job vacancies","Number","223","units","0","v104496304","1.1.12.1","90910","A","","","0"
"2023-01","Canada","2016A000011124","Total, all occupations","Bachelor's degree","Job vacancies","Number","223","units","0","v104496304","1.1.12.1","85300","A","","","0"
"2023-04","Canada","2016A000011124","Total, all occupations","Bachelor's degree","Job vacancies","Number","223","units","0","v104496304","1.1.12.1","81725","A","","","0"
"2023-07","Canada","2016A000011124","Total, all occupations","Bachelor's degree","Job vacancies","Number","223","units","0","v104496304","1.1.12.1","79155","A","","","0"
"2022-07","Canada","2016A000011124","Total, all occupations","University certificate, diploma or degree above the bachelor's level","Job vacancies","Number","223","units","0","v104496307","1.1.13.1","22045","A","","","0"
"2022-10","Canada","2016A000011124","Total, all occupations","University certificate, diploma or degree above the bachelor's level","Job vacancies","Number","223","units","0","v104496307","1.1.13.1","22565","A","","","0"
"2023-01","Canada","2016A000011124","Total, all occupations","University certificate, diploma or degree above the bachelor's level","Job vacancies","Number","223","units","0","v104496307","1.1.13.1","21910","A","","","0"
"2023-04","Canada","2016A000011124","Total, all occupations","University certificate, diploma or degree above the bachelor's level","Job vacancies","Number","223","units","0","v104496307","1.1.13.1","21270","A","","","0"
"2023-07","Canada","2016A000011124","Total, all occupations","University certificate, diploma or degree above the bachelor's level","Job vacancies","Number","223","units","0","v104496307","1.1.13.1","19920","A","","","0"
"2022-07","Canada","2016A000011124","Management occupations [0]","Minimum level of education required, all levels","Job vacancies","Number","223","units","0","v104496412","1.2.4.1","44580","A","","","0"
"2022-10","Canada","2016A000011124","Management occupations [0]","Minimum level of education required, all levels","Job vacancies","Number","223","units","0","v104496412","1.2.4.1","41025","A","","","0"
"2023-01","Canada","2016A000011124","Management occupations [0]","Minimum level of education required, all levels","Job vacancies","Number","223","units","0","v104496412","1.2.4.1","39585","A","","","0"
"2023-04","Canada","2016A000011124","Management occupations [0]","Minimum level of education required, all levels","Job vacancies","Number","223","units","0","v104496412","1.2.4.1","37965","A","","","0"
"2023-07","Canada","2016A000011124","Management occupations [0]","Minimum level of education required, all levels","Job vacancies","Number","223","units","0","v104496412","1.2.4.1","35185","A","","","0"
"2022-07","Canada","2016A000011124","Management occupations [0]","No minimum level of education required","Job vacancies","Number","223","units","0","v104496415","1.2.5.1","6100","B","","","0"
"2022-10","Canada","2016A000011124","Management occupations [0]","No minimum level of education required","Job vacancies","Number","223","units","0","v104496415","1.2.5.1","5015","B","","","0"
"2023-01","Canada","2016A000011124","Management occupations [0]","No minimum level of education required","Job vacancies","Number","223","units","0","v104496415","1.2.5.1","4160","B","","","0"
"2023-04","Canada","2016A000011124","Management occupations [0]","No minimum level of education required","Job vacancies","Number","223","units","0","v104496415","1.2.5.1","4595","B","","","0"
"2023-07","Canada","2016A000011124","Management occupations [0]","No minimum level of education required","Job vacancies","Number","223","units","0","v104496415","1.2.5.1","4085","B","","","0"
"2022-07","Canada","2016A000011124","Management occupations [0]","High school diploma or equivalent","Job vacancies","Number","223","units","0","v104496418","1.2.6.1","7925","B","","","0"
"2022-10","Canada","2016A000011124","Management occupations [0]","High school diploma or equivalent","Job vacancies","Number","223","units","0","v104496418","1.2.6.1","7425","B","","","0"
"2023-01","Canada","2016A000011124","Management occupations [0]","High school diploma or equivalent","Job vacancies","Number","223","units","0","v104496418","1.2.6.1","7300","B","","","0"
"2023-04","Canada","2016A000011124","Management occupations [0]","High school diploma or equivalent","Job vacancies","Number","223","units","0","v104496418","1.2.6.1","6570","B","","","0"
"2023-07","Canada","2016A000011124","Management occupations [0]","High school diploma or equivalent","Job vacancies","Number","223","units","0","v104496418","1.2.6.1","6035","B","","","0"
"2022-07","Canada","2016A000011124","Management occupations [0]","Non-university certificate or diploma","Job vacancies","Number","223","units","0","v104496421","1.2.7.1","9375","B","","","0"
"2022-10","Canada","2016A000011124","Management occupations [0]","Non-university certificate or diploma","Job vacancies","Number","223","units","0","v104496421","1.2.7.1","7865","A","","","0"
"2023-01","Canada","2016A000011124","Management occupations [0]","Non-university certificate or diploma","Job vacancies","Number","223","units","0","v104496421","1.2.7.1","7865","A","","","0"
"2023-04","Canada","2016A000011124","Management occupations [0]","Non-university certificate or diploma","Job vacancies","Number","223","units","0","v104496421","1.2.7.1","7335","A","","","0"
"2023-07","Canada","2016A000011124","Management occupations [0]","Non-university certificate or diploma","Job vacancies","Number","223","units","0","v104496421","1.2.7.1","6875","B","","","0"
"2022-07","Canada","2016A000011124","Management occupations [0]","University certificate or diploma below bachelor's level","Job vacancies","Number","223","units","0","v104496430","1.2.10.1","3960","B","","","0"
"2022-10","Canada","2016A000011124","Management occupations [0]","University certificate or diploma below bachelor's level","Job vacancies","Number","223","units","0","v104496430","1.2.10.1","3625","B","","","0"
"2023-01","Canada","2016A000011124","Management occupations [0]","University certificate or diploma below bachelor's level","Job vacancies","Number","223","units","0","v104496430","1.2.10.1","3690","B","","","0"
"2023-04","Canada","2016A000011124","Management occupations [0]","University certificate or diploma below bachelor's level","Job vacancies","Number","223","units","0","v104496430","1.2.10.1","3270","B","","","0"
"2023-07","Canada","2016A000011124","Management occupations [0]","University certificate or diploma below bachelor's level","Job vacancies","Number","223","units","0","v104496430","1.2.10.1","2970","B","","","0"
"2022-07","Canada","2016A000011124","Management occupations [0]","Bachelor's degree","Job vacancies","Number","223","units","0","v104496436","1.2.12.1","13780","A","","","0"
"2022-10","Canada","2016A000011124","Management occupations [0]","Bachelor's degree","Job vacancies","Number","223","units","0","v104496436","1.2.12.1","13035","A","","","0"
"2023-01","Canada","2016A000011124","Management occupations [0]","Bachelor's degree","Job vacancies","Number","223","units","0","v104496436","1.2.12.1","12950","A","","","0"
"2023-04","Canada","2016A000011124","Management occupations [0]","Bachelor's degree","Job vacancies","Number","223","units","0","v104496436","1.2.12.1","12835","A","","","0"
"2023-07","Canada","2016A000011124","Management occupations [0]","Bachelor's degree","Job vacancies","Number","223","units","0","v104496436","1.2.12.1","12310","A","","","0"
"2022-07","Canada","2016A000011124","Management occupations [0]","University certificate, diploma or degree above the bachelor's level","Job vacancies","Number","223","units","0","v104496439","1.2.13.1","3440","B","","","0"
"2022-10","Canada","2016A000011124","Management occupations [0]","University certificate, diploma or degree above the bachelor's level","Job vacancies","Number","223","units","0","v104496439","1.2.13.1","4060","C","","","0"
"2023-01","Canada","2016A000011124","Management occupations [0]","University certificate, diploma or degree above the bachelor's level","Job vacancies","Number","223","units","0","v104496439","1.2.13.1","3620","B","","","0"
"2023-04","Canada","2016A000011124","Management occupations [0]","University certificate, diploma or degree above the bachelor's level","Job vacancies","Number","223","units","0","v104496439","1.2.13.1","3360","B","","","0"
"2023-07","Canada","2016A000011124","Management occupations [0]","University certificate, diploma or degree above the bachelor's level","Job vacancies","Number","223","units","0","v104496439","1.2.13.1","2910","B","","","0"
"2022-07","Canada","2016A000011124","Business, finance and administration occupations [1]","Minimum level of education required, all levels","Job vacancies","Number","223","units","0","v104505916","1.3.4.1","104840","A","","","0"
"2022-10","Canada","2016A000011124","Business, finance and administration occupations [1]","Minimum level of education required, all levels","Job vacancies","Number","223","units","0","v104505916","1.3.4.1","96835","A","","","0"
"2023-01","Canada","2016A000011124","Business, finance and administration occupations [1]","Minimum level of education required, all levels","Job vacancies","Number","223","units","0","v104505916","1.3.4.1","88535","A","","","0"
"2023-04","Canada","2016A000011124","Business, finance and administration occupations [1]","Minimum level of education required, all levels","Job vacancies","Number","223","units","0","v104505916","1.3.4.1","88210","A","","","0"
"2023-07","Canada","2016A000011124","Business, finance and administration occupations [1]","Minimum level of education required, all levels","Job vacancies","Number","223","units","0","v104505916","1.3.4.1","78910","A","","","0"
"2022-07","Canada","2016A000011124","Business, finance and administration occupations [1]","No minimum level of education required","Job vacancies","Number","223","units","0","v104505919","1.3.5.1","17320","B","","","0"
"2022-10","Canada","2016A000011124","Business, finance and administration occupations [1]","No minimum level of education required","Job vacancies","Number","223","units","0","v104505919","1.3.5.1","13615","C","","","0"
"2023-01","Canada","2016A000011124","Business, finance and administration occupations [1]","No minimum level of education required","Job vacancies","Number","223","units","0","v104505919","1.3.5.1","11280","B","","","0"
"2023-04","Canada","2016A000011124","Business, finance and administration occupations [1]","No minimum level of education required","Job vacancies","Number","223","units","0","v104505919","1.3.5.1","12515","C","","","0"
"2023-07","Canada","2016A000011124","Business, finance and administration occupations [1]","No minimum level of education required","Job vacancies","Number","223","units","0","v104505919","1.3.5.1","13090","B","","","0"
"2022-07","Canada","2016A000011124","Business, finance and administration occupations [1]","High school diploma or equivalent","Job vacancies","Number","223","units","0","v104505922","1.3.6.1","30265","B","","","0"
"2022-10","Canada","2016A000011124","Business, finance and administration occupations [1]","High school diploma or equivalent","Job vacancies","Number","223","units","0","v104505922","1.3.6.1","29435","B","","","0"
"2023-01","Canada","2016A000011124","Business, finance and administration occupations [1]","High school diploma or equivalent","Job vacancies","Number","223","units","0","v104505922","1.3.6.1","26515","A","","","0"
"2023-04","Canada","2016A000011124","Business, finance and administration occupations [1]","High school diploma or equivalent","Job vacancies","Number","223","units","0","v104505922","1.3.6.1","27405","A","","","0"
"2023-07","Canada","2016A000011124","Business, finance and administration occupations [1]","High school diploma or equivalent","Job vacancies","Number","223","units","0","v104505922","1.3.6.1","24120","A","","","0"
"2022-07","Canada","2016A000011124","Business, finance and administration occupations [1]","Non-university certificate or diploma","Job vacancies","Number","223","units","0","v104505925","1.3.7.1","29845","B","","","0"
"2022-10","Canada","2016A000011124","Business, finance and administration occupations [1]","Non-university certificate or diploma","Job vacancies","Number","223","units","0","v104505925","1.3.7.1","27910","B","","","0"
"2023-01","Canada","2016A000011124","Business, finance and administration occupations [1]","Non-university certificate or diploma","Job vacancies","Number","223","units","0","v104505925","1.3.7.1","28075","A","","","0"
"2023-04","Canada","2016A000011124","Business, finance and administration occupations [1]","Non-university certificate or diploma","Job vacancies","Number","223","units","0","v104505925","1.3.7.1","26895","A","","","0"
"2023-07","Canada","2016A000011124","Business, finance and administration occupations [1]","Non-university certificate or diploma","Job vacancies","Number","223","units","0","v104505925","1.3.7.1","22640","A","","","0"
"2022-07","Canada","2016A000011124","Business, finance and administration occupations [1]","University certificate or diploma below bachelor's level","Job vacancies","Number","223","units","0","v104505934","1.3.10.1","7225","B","","","0"
"2022-10","Canada","2016A000011124","Business, finance and administration occupations [1]","University certificate or diploma below bachelor's level","Job vacancies","Number","223","units","0","v104505934","1.3.10.1","6225","C","","","0"
"2023-01","Canada","2016A000011124","Business, finance and administration occupations [1]","University certificate or diploma below bachelor's level","Job vacancies","Number","223","units","0","v104505934","1.3.10.1","6085","B","","","0"
"2023-04","Canada","2016A000011124","Business, finance and administration occupations [1]","University certificate or diploma below bachelor's level","Job vacancies","Number","223","units","0","v104505934","1.3.10.1","5885","B","","","0"
"2023-07","Canada","2016A000011124","Business, finance and administration occupations [1]","University certificate or diploma below bachelor's level","Job vacancies","Number","223","units","0","v104505934","1.3.10.1","5205","B","","","0"
"2022-07","Canada","2016A000011124","Business, finance and administration occupations [1]","Bachelor's degree","Job vacancies","Number","223","units","0","v104505940","1.3.12.1","18085","B","","","0"
"2022-10","Canada","2016A000011124","Business, finance and administration occupations [1]","Bachelor's degree","Job vacancies","Number","223","units","0","v104505940","1.3.12.1","17635","B","","","0"
"2023-01","Canada","2016A000011124","Business, finance and administration occupations [1]","Bachelor's degree","Job vacancies","Number","223","units","0","v104505940","1.3.12.1","15085","A","","","0"
"2023-04","Canada","2016A000011124","Business, finance and administration occupations [1]","Bachelor's degree","Job vacancies","Number","223","units","0","v104505940","1.3.12.1","13770","A","","","0"
"2023-07","Canada","2016A000011124","Business, finance and administration occupations [1]","Bachelor's degree","Job vacancies","Number","223","units","0","v104505940","1.3.12.1","12390","B","","","0"
"2022-07","Canada","2016A000011124","Business, finance and administration occupations [1]","University certificate, diploma or degree above the bachelor's level","Job vacancies","Number","223","units","0","v104505943","1.3.13.1","2100","C","","","0"
"2022-10","Canada","2016A000011124","Business, finance and administration occupations [1]","University certificate, diploma or degree above the bachelor's level","Job vacancies","Number","223","units","0","v104505943","1.3.13.1","2010","C","","","0"
"2023-01","Canada","2016A000011124","Business, finance and administration occupations [1]","University certificate, diploma or degree above the bachelor's level","Job vacancies","Number","223","units","0","v104505943","1.3.13.1","1490","C","","","0"
"2023-04","Canada","2016A000011124","Business, finance and administration occupations [1]","University certificate, diploma or degree above the bachelor's level","Job vacancies","Number","223","units","0","v104505943","1.3.13.1","1740","C","","","0"
"2023-07","Canada","2016A000011124","Business, finance and administration occupations [1]","University certificate, diploma or degree above the bachelor's level","Job vacancies","Number","223","units","0","v104505943","1.3.13.1","1465","C","","","0"
"2022-07","Canada","2016A000011124","Natural and applied sciences and related occupations [2]","Minimum level of education required, all levels","Job vacancies","Number","223","units","0","v104515552","1.4.4.1","66835","A","","","0"
"2022-10","Canada","2016A000011124","Natural and applied sciences and related occupations [2]","Minimum level of education required, all levels","Job vacancies","Number","223","units","0","v104515552","1.4.4.1","58465","A","","","0"
"2023-01","Canada","2016A000011124","Natural and applied sciences and related occupations [2]","Minimum level of education required, all levels","Job vacancies","Number","223","units","0","v104515552","1.4.4.1","57130","A","","","0"
"2023-04","Canada","2016A000011124","Natural and applied sciences and related occupations [2]","Minimum level of education required, all levels","Job vacancies","Number","223","units","0","v104515552","1.4.4.1","51740","A","","","0"
"2023-07","Canada","2016A000011124","Natural and applied sciences and related occupations [2]","Minimum level of education required, all levels","Job vacancies","Number","223","units","0","v104515552","1.4.4.1","44100","A","","","0"
"2022-07","Canada","2016A000011124","Natural and applied sciences and related occupations [2]","No minimum level of education required","Job vacancies","Number","223","units","0","v104515555","1.4.5.1","3515","C","","","0"
"2022-10","Canada","2016A000011124","Natural and applied sciences and related occupations [2]","No minimum level of education required","Job vacancies","Number","223","units","0","v104515555","1.4.5.1","2910","B","","","0"
"2023-01","Canada","2016A000011124","Natural and applied sciences and related occupations [2]","No minimum level of education required","Job vacancies","Number","223","units","0","v104515555","1.4.5.1","2445","C","","","0"
"2023-04","Canada","2016A000011124","Natural and applied sciences and related occupations [2]","No minimum level of education required","Job vacancies","Number","223","units","0","v104515555","1.4.5.1","2520","C","","","0"
"2023-07","Canada","2016A000011124","Natural and applied sciences and related occupations [2]","No minimum level of education required","Job vacancies","Number","223","units","0","v104515555","1.4.5.1","1680","D","","","0"
"2022-07","Canada","2016A000011124","Natural and applied sciences and related occupations [2]","High school diploma or equivalent","Job vacancies","Number","223","units","0","v104515558","1.4.6.1","5450","B","","","0"
"2022-10","Canada","2016A000011124","Natural and applied sciences and related occupations [2]","High school diploma or equivalent","Job vacancies","Number","223","units","0","v104515558","1.4.6.1","3930","B","","","0"
"2023-01","Canada","2016A000011124","Natural and applied sciences and related occupations [2]","High school diploma or equivalent","Job vacancies","Number","223","units","0","v104515558","1.4.6.1","6285","B","","","0"
"2023-04","Canada","2016A000011124","Natural and applied sciences and related occupations [2]","High school diploma or equivalent","Job vacancies","Number","223","units","0","v104515558","1.4.6.1","4925","B","","","0"
"2023-07","Canada","2016A000011124","Natural and applied sciences and related occupations [2]","High school diploma or equivalent","Job vacancies","Number","223","units","0","v104515558","1.4.6.1","3315","B","","","0"
"2022-07","Canada","2016A000011124","Natural and applied sciences and related occupations [2]","Non-university certificate or diploma","Job vacancies","Number","223","units","0","v104515561","1.4.7.1","20905","A","","","0"
"2022-10","Canada","2016A000011124","Natural and applied sciences and related occupations [2]","Non-university certificate or diploma","Job vacancies","Number","223","units","0","v104515561","1.4.7.1","17435","A","","","0"
"2023-01","Canada","2016A000011124","Natural and applied sciences and related occupations [2]","Non-university certificate or diploma","Job vacancies","Number","223","units","0","v104515561","1.4.7.1","17100","A","","","0"
"2023-04","Canada","2016A000011124","Natural and applied sciences and related occupations [2]","Non-university certificate or diploma","Job vacancies","Number","223","units","0","v104515561","1.4.7.1","17055","A","","","0"
"2023-07","Canada","2016A000011124","Natural and applied sciences and related occupations [2]","Non-university certificate or diploma","Job vacancies","Number","223","units","0","v104515561","1.4.7.1","14980","A","","","0"
"2022-07","Canada","2016A000011124","Natural and applied sciences and related occupations [2]","University certificate or diploma below bachelor's level","Job vacancies","Number","223","units","0","v104515570","1.4.10.1","5535","B","","","0"
"2022-10","Canada","2016A000011124","Natural and applied sciences and related occupations [2]","University certificate or diploma below bachelor's level","Job vacancies","Number","223","units","0","v104515570","1.4.10.1","4995","B","","","0"
"2023-01","Canada","2016A000011124","Natural and applied sciences and related occupations [2]","University certificate or diploma below bachelor's level","Job vacancies","Number","223","units","0","v104515570","1.4.10.1","4945","B","","","0"
"2023-04","Canada","2016A000011124","Natural and applied sciences and related occupations [2]","University certificate or diploma below bachelor's level","Job vacancies","Number","223","units","0","v104515570","1.4.10.1","4515","B","","","0"
"2023-07","Canada","2016A000011124","Natural and applied sciences and related occupations [2]","University certificate or diploma below bachelor's level","Job vacancies","Number","223","units","0","v104515570","1.4.10.1","4665","B","","","0"
"2022-07","Canada","2016A000011124","Natural and applied sciences and related occupations [2]","Bachelor's degree","Job vacancies","Number","223","units","0","v104515576","1.4.12.1","28550","A","","","0"
"2022-10","Canada","2016A000011124","Natural and applied sciences and related occupations [2]","Bachelor's degree","Job vacancies","Number","223","units","0","v104515576","1.4.12.1","26340","A","","","0"
"2023-01","Canada","2016A000011124","Natural and applied sciences and related occupations [2]","Bachelor's degree","Job vacancies","Number","223","units","0","v104515576","1.4.12.1","23815","A","","","0"
"2023-04","Canada","2016A000011124","Natural and applied sciences and related occupations [2]","Bachelor's degree","Job vacancies","Number","223","units","0","v104515576","1.4.12.1","20490","A","","","0"
"2023-07","Canada","2016A000011124","Natural and applied sciences and related occupations [2]","Bachelor's degree","Job vacancies","Number","223","units","0","v104515576","1.4.12.1","17710","A","","","0"
"2022-07","Canada","2016A000011124","Natural and applied sciences and related occupations [2]","University certificate, diploma or degree above the bachelor's level","Job vacancies","Number","223","units","0","v104515579","1.4.13.1","2875","B","","","0"
"2022-10","Canada","2016A000011124","Natural and applied sciences and related occupations [2]","University certificate, diploma or degree above the bachelor's level","Job vacancies","Number","223","units","0","v104515579","1.4.13.1","2855","B","","","0"
"2023-01","Canada","2016A000011124","Natural and applied sciences and related occupations [2]","University certificate, diploma or degree above the bachelor's level","Job vacancies","Number","223","units","0","v104515579","1.4.13.1","2535","B","","","0"
"2023-04","Canada","2016A000011124","Natural and applied sciences and related occupations [2]","University certificate, diploma or degree above the bachelor's level","Job vacancies","Number","223","units","0","v104515579","1.4.13.1","2235","C","","","0"
"2023-07","Canada","2016A000011124","Natural and applied sciences and related occupations [2]","University certificate, diploma or degree above the bachelor's level","Job vacancies","Number","223","units","0","v104515579","1.4.13.1","1750","C","","","0"
"2022-07","Canada","2016A000011124","Health occupations [3]","Minimum level of education required, all levels","Job vacancies","Number","223","units","0","v104526112","1.5.4.1","96620","A","","","0"
"2022-10","Canada","2016A000011124","Health occupations [3]","Minimum level of education required, all levels","Job vacancies","Number","223","units","0","v104526112","1.5.4.1","92515","A","","","0"
"2023-01","Canada","2016A000011124","Health occupations [3]","Minimum level of education required, all levels","Job vacancies","Number","223","units","0","v104526112","1.5.4.1","92180","A","","","0"
"2023-04","Canada","2016A000011124","Health occupations [3]","Minimum level of education required, all levels","Job vacancies","Number","223","units","0","v104526112","1.5.4.1","89955","A","","","0"
"2023-07","Canada","2016A000011124","Health occupations [3]","Minimum level of education required, all levels","Job vacancies","Number","223","units","0","v104526112","1.5.4.1","91930","A","","","0"
"2022-07","Canada","2016A000011124","Health occupations [3]","No minimum level of education required","Job vacancies","Number","223","units","0","v104526115","1.5.5.1","3095","C","","","0"
"2022-10","Canada","2016A000011124","Health occupations [3]","No minimum level of education required","Job vacancies","Number","223","units","0","v104526115","1.5.5.1","2220","D","","","0"
"2023-01","Canada","2016A000011124","Health occupations [3]","No minimum level of education required","Job vacancies","Number","223","units","0","v104526115","1.5.5.1","2315","D","","","0"
"2023-04","Canada","2016A000011124","Health occupations [3]","No minimum level of education required","Job vacancies","Number","223","units","0","v104526115","1.5.5.1","2310","D","","","0"
"2023-07","Canada","2016A000011124","Health occupations [3]","No minimum level of education required","Job vacancies","Number","223","units","0","v104526115","1.5.5.1","1690","D","","","0"
"2022-07","Canada","2016A000011124","Health occupations [3]","High school diploma or equivalent","Job vacancies","Number","223","units","0","v104526118","1.5.6.1","6735","B","","","0"
"2022-10","Canada","2016A000011124","Health occupations [3]","High school diploma or equivalent","Job vacancies","Number","223","units","0","v104526118","1.5.6.1","6190","C","","","0"
"2023-01","Canada","2016A000011124","Health occupations [3]","High school diploma or equivalent","Job vacancies","Number","223","units","0","v104526118","1.5.6.1","5420","C","","","0"
"2023-04","Canada","2016A000011124","Health occupations [3]","High school diploma or equivalent","Job vacancies","Number","223","units","0","v104526118","1.5.6.1","4380","C","","","0"
"2023-07","Canada","2016A000011124","Health occupations [3]","High school diploma or equivalent","Job vacancies","Number","223","units","0","v104526118","1.5.6.1","4800","C","","","0"
"2022-07","Canada","2016A000011124","Health occupations [3]","Non-university certificate or diploma","Job vacancies","Number","223","units","0","v104526121","1.5.7.1","58200","A","","","0"
"2022-10","Canada","2016A000011124","Health occupations [3]","Non-university certificate or diploma","Job vacancies","Number","223","units","0","v104526121","1.5.7.1","52740","C","","","0"
"2023-01","Canada","2016A000011124","Health occupations [3]","Non-university certificate or diploma","Job vacancies","Number","223","units","0","v104526121","1.5.7.1","53225","B","","","0"
"2023-04","Canada","2016A000011124","Health occupations [3]","Non-university certificate or diploma","Job vacancies","Number","223","units","0","v104526121","1.5.7.1","52700","B","","","0"
"2023-07","Canada","2016A000011124","Health occupations [3]","Non-university certificate or diploma","Job vacancies","Number","223","units","0","v104526121","1.5.7.1","51830","C","","","0"
"2022-07","Canada","2016A000011124","Health occupations [3]","University certificate or diploma below bachelor's level","Job vacancies","Number","223","units","0","v104526130","1.5.10.1","5915","B","","","0"
"2022-10","Canada","2016A000011124","Health occupations [3]","University certificate or diploma below bachelor's level","Job vacancies","Number","223","units","0","v104526130","1.5.10.1","7215","C","","","0"
"2023-01","Canada","2016A000011124","Health occupations [3]","University certificate or diploma below bachelor's level","Job vacancies","Number","223","units","0","v104526130","1.5.10.1","5415","C","","","0"
"2023-04","Canada","2016A000011124","Health occupations [3]","University certificate or diploma below bachelor's level","Job vacancies","Number","223","units","0","v104526130","1.5.10.1","5685","C","","","0"
"2023-07","Canada","2016A000011124","Health occupations [3]","University certificate or diploma below bachelor's level","Job vacancies","Number","223","units","0","v104526130","1.5.10.1","5355","C","","","0"
"2022-07","Canada","2016A000011124","Health occupations [3]","Bachelor's degree","Job vacancies","Number","223","units","0","v104526136","1.5.12.1","15885","A","","","0"
"2022-10","Canada","2016A000011124","Health occupations [3]","Bachelor's degree","Job vacancies","Number","223","units","0","v104526136","1.5.12.1","17105","C","","","0"
"2023-01","Canada","2016A000011124","Health occupations [3]","Bachelor's degree","Job vacancies","Number","223","units","0","v104526136","1.5.12.1","19105","B","","","0"
"2023-04","Canada","2016A000011124","Health occupations [3]","Bachelor's degree","Job vacancies","Number","223","units","0","v104526136","1.5.12.1","18210","B","","","0"
"2023-07","Canada","2016A000011124","Health occupations [3]","Bachelor's degree","Job vacancies","Number","223","units","0","v104526136","1.5.12.1","21100","C","","","0"
"2022-07","Canada","2016A000011124","Health occupations [3]","University certificate, diploma or degree above the bachelor's level","Job vacancies","Number","223","units","0","v104526139","1.5.13.1","6790","B","","","0"
"2022-10","Canada","2016A000011124","Health occupations [3]","University certificate, diploma or degree above the bachelor's level","Job vacancies","Number","223","units","0","v104526139","1.5.13.1","7040","C","","","0"
"2023-01","Canada","2016A000011124","Health occupations [3]","University certificate, diploma or degree above the bachelor's level","Job vacancies","Number","223","units","0","v104526139","1.5.13.1","6700","C","","","0"
"2023-04","Canada","2016A000011124","Health occupations [3]","University certificate, diploma or degree above the bachelor's level","Job vacancies","Number","223","units","0","v104526139","1.5.13.1","6670","C","","","0"
"2023-07","Canada","2016A000011124","Health occupations [3]","University certificate, diploma or degree above the bachelor's level","Job vacancies","Number","223","units","0","v104526139","1.5.13.1","7155","C","","","0"
"2022-07","Canada","2016A000011124","Occupations in education, law and social, community and government services [4]","Minimum level of education required, all levels","Job vacancies","Number","223","units","0","v104532712","1.6.4.1","64730","A","","","0"
"2022-10","Canada","2016A000011124","Occupations in education, law and social, community and government services [4]","Minimum level of education required, all levels","Job vacancies","Number","223","units","0","v104532712","1.6.4.1","64280","A","","","0"
"2023-01","Canada","2016A000011124","Occupations in education, law and social, community and government services [4]","Minimum level of education required, all levels","Job vacancies","Number","223","units","0","v104532712","1.6.4.1","64035","A","","","0"
"2023-04","Canada","2016A000011124","Occupations in education, law and social, community and government services [4]","Minimum level of education required, all levels","Job vacancies","Number","223","units","0","v104532712","1.6.4.1","66610","A","","","0"
"2023-07","Canada","2016A000011124","Occupations in education, law and social, community and government services [4]","Minimum level of education required, all levels","Job vacancies","Number","223","units","0","v104532712","1.6.4.1","63225","A","","","0"
"2022-07","Canada","2016A000011124","Occupations in education, law and social, community and government services [4]","No minimum level of education required","Job vacancies","Number","223","units","0","v104532715","1.6.5.1","5795","B","","","0"
"2022-10","Canada","2016A000011124","Occupations in education, law and social, community and government services [4]","No minimum level of education required","Job vacancies","Number","223","units","0","v104532715","1.6.5.1","5365","B","","","0"
"2023-01","Canada","2016A000011124","Occupations in education, law and social, community and government services [4]","No minimum level of education required","Job vacancies","Number","223","units","0","v104532715","1.6.5.1","4870","B","","","0"
"2023-04","Canada","2016A000011124","Occupations in education, law and social, community and government services [4]","No minimum level of education required","Job vacancies","Number","223","units","0","v104532715","1.6.5.1","5240","B","","","0"
"2023-07","Canada","2016A000011124","Occupations in education, law and social, community and government services [4]","No minimum level of education required","Job vacancies","Number","223","units","0","v104532715","1.6.5.1","4740","B","","","0"
"2022-07","Canada","2016A000011124","Occupations in education, law and social, community and government services [4]","High school diploma or equivalent","Job vacancies","Number","223","units","0","v104532718","1.6.6.1","12660","B","","","0"
"2022-10","Canada","2016A000011124","Occupations in education, law and social, community and government services [4]","High school diploma or equivalent","Job vacancies","Number","223","units","0","v104532718","1.6.6.1","12525","B","","","0"
"2023-01","Canada","2016A000011124","Occupations in education, law and social, community and government services [4]","High school diploma or equivalent","Job vacancies","Number","223","units","0","v104532718","1.6.6.1","12745","B","","","0"
"2023-04","Canada","2016A000011124","Occupations in education, law and social, community and government services [4]","High school diploma or equivalent","Job vacancies","Number","223","units","0","v104532718","1.6.6.1","11605","B","","","0"
"2023-07","Canada","2016A000011124","Occupations in education, law and social, community and government services [4]","High school diploma or equivalent","Job vacancies","Number","223","units","0","v104532718","1.6.6.1","11400","B","","","0"
"2022-07","Canada","2016A000011124","Occupations in education, law and social, community and government services [4]","Non-university certificate or diploma","Job vacancies","Number","223","units","0","v104532721","1.6.7.1","25130","A","","","0"
"2022-10","Canada","2016A000011124","Occupations in education, law and social, community and government services [4]","Non-university certificate or diploma","Job vacancies","Number","223","units","0","v104532721","1.6.7.1","24365","A","","","0"
"2023-01","Canada","2016A000011124","Occupations in education, law and social, community and government services [4]","Non-university certificate or diploma","Job vacancies","Number","223","units","0","v104532721","1.6.7.1","25405","A","","","0"
"2023-04","Canada","2016A000011124","Occupations in education, law and social, community and government services [4]","Non-university certificate or diploma","Job vacancies","Number","223","units","0","v104532721","1.6.7.1","26470","A","","","0"
"2023-07","Canada","2016A000011124","Occupations in education, law and social, community and government services [4]","Non-university certificate or diploma","Job vacancies","Number","223","units","0","v104532721","1.6.7.1","25495","A","","","0"
"2022-07","Canada","2016A000011124","Occupations in education, law and social, community and government services [4]","University certificate or diploma below bachelor's level","Job vacancies","Number","223","units","0","v104532730","1.6.10.1","3945","B","","","0"
"2022-10","Canada","2016A000011124","Occupations in education, law and social, community and government services [4]","University certificate or diploma below bachelor's level","Job vacancies","Number","223","units","0","v104532730","1.6.10.1","4025","B","","","0"
"2023-01","Canada","2016A000011124","Occupations in education, law and social, community and government services [4]","University certificate or diploma below bachelor's level","Job vacancies","Number","223","units","0","v104532730","1.6.10.1","3860","C","","","0"
"2023-04","Canada","2016A000011124","Occupations in education, law and social, community and government services [4]","University certificate or diploma below bachelor's level","Job vacancies","Number","223","units","0","v104532730","1.6.10.1","4855","B","","","0"
"2023-07","Canada","2016A000011124","Occupations in education, law and social, community and government services [4]","University certificate or diploma below bachelor's level","Job vacancies","Number","223","units","0","v104532730","1.6.10.1","4315","B","","","0"
"2022-07","Canada","2016A000011124","Occupations in education, law and social, community and government services [4]","Bachelor's degree","Job vacancies","Number","223","units","0","v104532736","1.6.12.1","10795","A","","","0"
"2022-10","Canada","2016A000011124","Occupations in education, law and social, community and government services [4]","Bachelor's degree","Job vacancies","Number","223","units","0","v104532736","1.6.12.1","11765","A","","","0"
"2023-01","Canada","2016A000011124","Occupations in education, law and social, community and government services [4]","Bachelor's degree","Job vacancies","Number","223","units","0","v104532736","1.6.12.1","10110","A","","","0"
"2023-04","Canada","2016A000011124","Occupations in education, law and social, community and government services [4]","Bachelor's degree","Job vacancies","Number","223","units","0","v104532736","1.6.12.1","11515","A","","","0"
"2023-07","Canada","2016A000011124","Occupations in education, law and social, community and government services [4]","Bachelor's degree","Job vacancies","Number","223","units","0","v104532736","1.6.12.1","10840","A","","","0"
"2022-07","Canada","2016A000011124","Occupations in education, law and social, community and government services [4]","University certificate, diploma or degree above the bachelor's level","Job vacancies","Number","223","units","0","v104532739","1.6.13.1","6405","B","","","0"
"2022-10","Canada","2016A000011124","Occupations in education, law and social, community and government services [4]","University certificate, diploma or degree above the bachelor's level","Job vacancies","Number","223","units","0","v104532739","1.6.13.1","6235","B","","","0"
"2023-01","Canada","2016A000011124","Occupations in education, law and social, community and government services [4]","University certificate, diploma or degree above the bachelor's level","Job vacancies","Number","223","units","0","v104532739","1.6.13.1","7040","B","","","0"
"2023-04","Canada","2016A000011124","Occupations in education, law and social, community and government services [4]","University certificate, diploma or degree above the bachelor's level","Job vacancies","Number","223","units","0","v104532739","1.6.13.1","6930","A","","","0"
"2023-07","Canada","2016A000011124","Occupations in education, law and social, community and government services [4]","University certificate, diploma or degree above the bachelor's level","Job vacancies","Number","223","units","0","v104532739","1.6.13.1","6435","B","","","0"
"2022-07","Canada","2016A000011124","Occupations in art, culture, recreation and sport [5]","Minimum level of education required, all levels","Job vacancies","Number","223","units","0","v104539840","1.7.4.1","15485","B","","","0"
"2022-10","Canada","2016A000011124","Occupations in art, culture, recreation and sport [5]","Minimum level of education required, all levels","Job vacancies","Number","223","units","0","v104539840","1.7.4.1","14465","B","","","0"
"2023-01","Canada","2016A000011124","Occupations in art, culture, recreation and sport [5]","Minimum level of education required, all levels","Job vacancies","Number","223","units","0","v104539840","1.7.4.1","15080","A","","","0"
"2023-04","Canada","2016A000011124","Occupations in art, culture, recreation and sport [5]","Minimum level of education required, all levels","Job vacancies","Number","223","units","0","v104539840","1.7.4.1","15795","A","","","0"
"2023-07","Canada","2016A000011124","Occupations in art, culture, recreation and sport [5]","Minimum level of education required, all levels","Job vacancies","Number","223","units","0","v104539840","1.7.4.1","12025","A","","","0"
"2022-07","Canada","2016A000011124","Occupations in art, culture, recreation and sport [5]","No minimum level of education required","Job vacancies","Number","223","units","0","v104539843","1.7.5.1","4675","B","","","0"
"2022-10","Canada","2016A000011124","Occupations in art, culture, recreation and sport [5]","No minimum level of education required","Job vacancies","Number","223","units","0","v104539843","1.7.5.1","4425","C","","","0"
"2023-01","Canada","2016A000011124","Occupations in art, culture, recreation and sport [5]","No minimum level of education required","Job vacancies","Number","223","units","0","v104539843","1.7.5.1","4360","B","","","0"
"2023-04","Canada","2016A000011124","Occupations in art, culture, recreation and sport [5]","No minimum level of education required","Job vacancies","Number","223","units","0","v104539843","1.7.5.1","5860","B","","","0"
"2023-07","Canada","2016A000011124","Occupations in art, culture, recreation and sport [5]","No minimum level of education required","Job vacancies","Number","223","units","0","v104539843","1.7.5.1","4040","B","","","0"
"2022-07","Canada","2016A000011124","Occupations in art, culture, recreation and sport [5]","High school diploma or equivalent","Job vacancies","Number","223","units","0","v104539846","1.7.6.1","3155","C","","","0"
"2022-10","Canada","2016A000011124","Occupations in art, culture, recreation and sport [5]","High school diploma or equivalent","Job vacancies","Number","223","units","0","v104539846","1.7.6.1","2475","C","","","0"
"2023-01","Canada","2016A000011124","Occupations in art, culture, recreation and sport [5]","High school diploma or equivalent","Job vacancies","Number","223","units","0","v104539846","1.7.6.1","4045","C","","","0"
"2023-04","Canada","2016A000011124","Occupations in art, culture, recreation and sport [5]","High school diploma or equivalent","Job vacancies","Number","223","units","0","v104539846","1.7.6.1","3545","B","","","0"
"2023-07","Canada","2016A000011124","Occupations in art, culture, recreation and sport [5]","High school diploma or equivalent","Job vacancies","Number","223","units","0","v104539846","1.7.6.1","2615","C","","","0"
"2022-07","Canada","2016A000011124","Occupations in art, culture, recreation and sport [5]","Non-university certificate or diploma","Job vacancies","Number","223","units","0","v104539849","1.7.7.1","5520","B","","","0"
"2022-10","Canada","2016A000011124","Occupations in art, culture, recreation and sport [5]","Non-university certificate or diploma","Job vacancies","Number","223","units","0","v104539849","1.7.7.1","5605","B","","","0"
"2023-01","Canada","2016A000011124","Occupations in art, culture, recreation and sport [5]","Non-university certificate or diploma","Job vacancies","Number","223","units","0","v104539849","1.7.7.1","4510","B","","","0"
"2023-04","Canada","2016A000011124","Occupations in art, culture, recreation and sport [5]","Non-university certificate or diploma","Job vacancies","Number","223","units","0","v104539849","1.7.7.1","4115","B","","","0"
"2023-07","Canada","2016A000011124","Occupations in art, culture, recreation and sport [5]","Non-university certificate or diploma","Job vacancies","Number","223","units","0","v104539849","1.7.7.1","3295","B","","","0"
"2022-07","Canada","2016A000011124","Occupations in art, culture, recreation and sport [5]","University certificate or diploma below bachelor's level","Job vacancies","Number","223","units","0","v104539858","1.7.10.1","535","C","","","0"
"2022-10","Canada","2016A000011124","Occupations in art, culture, recreation and sport [5]","University certificate or diploma below bachelor's level","Job vacancies","Number","223","units","0","v104539858","1.7.10.1","580","D","","","0"
"2023-01","Canada","2016A000011124","Occupations in art, culture, recreation and sport [5]","University certificate or diploma below bachelor's level","Job vacancies","Number","223","units","0","v104539858","1.7.10.1","615","D","","","0"
"2023-04","Canada","2016A000011124","Occupations in art, culture, recreation and sport [5]","University certificate or diploma below bachelor's level","Job vacancies","Number","223","units","0","v104539858","1.7.10.1","695","D","","","0"
"2023-07","Canada","2016A000011124","Occupations in art, culture, recreation and sport [5]","University certificate or diploma below bachelor's level","Job vacancies","Number","223","units","0","v104539858","1.7.10.1","515","D","","","0"
"2022-07","Canada","2016A000011124","Occupations in art, culture, recreation and sport [5]","Bachelor's degree","Job vacancies","Number","223","units","0","v104539864","1.7.12.1","1345","C","","","0"
"2022-10","Canada","2016A000011124","Occupations in art, culture, recreation and sport [5]","Bachelor's degree","Job vacancies","Number","223","units","0","v104539864","1.7.12.1","1185","C","","","0"
"2023-01","Canada","2016A000011124","Occupations in art, culture, recreation and sport [5]","Bachelor's degree","Job vacancies","Number","223","units","0","v104539864","1.7.12.1","1265","C","","","0"
"2023-04","Canada","2016A000011124","Occupations in art, culture, recreation and sport [5]","Bachelor's degree","Job vacancies","Number","223","units","0","v104539864","1.7.12.1","1320","C","","","0"
"2023-07","Canada","2016A000011124","Occupations in art, culture, recreation and sport [5]","Bachelor's degree","Job vacancies","Number","223","units","0","v104539864","1.7.12.1","1425","D","","","0"
"2022-07","Canada","2016A000011124","Occupations in art, culture, recreation and sport [5]","University certificate, diploma or degree above the bachelor's level","Job vacancies","Number","223","units","0","v104539867","1.7.13.1","250","E","","","0"
"2022-10","Canada","2016A000011124","Occupations in art, culture, recreation and sport [5]","University certificate, diploma or degree above the bachelor's level","Job vacancies","Number","223","units","0","v104539867","1.7.13.1","195","D","","","0"
"2023-01","Canada","2016A000011124","Occupations in art, culture, recreation and sport [5]","University certificate, diploma or degree above the bachelor's level","Job vacancies","Number","223","units","0","v104539867","1.7.13.1","","F","","","0"
"2023-04","Canada","2016A000011124","Occupations in art, culture, recreation and sport [5]","University certificate, diploma or degree above the bachelor's level","Job vacancies","Number","223","units","0","v104539867","1.7.13.1","255","E","","","0"
"2023-07","Canada","2016A000011124","Occupations in art, culture, recreation and sport [5]","University certificate, diploma or degree above the bachelor's level","Job vacancies","Number","223","units","0","v104539867","1.7.13.1","135","C","","","0"
"2022-07","Canada","2016A000011124","Sales and service occupations [6]","Minimum level of education required, all levels","Job vacancies","Number","223","units","0","v104545648","1.8.4.1","339515","A","","","0"
"2022-10","Canada","2016A000011124","Sales and service occupations [6]","Minimum level of education required, all levels","Job vacancies","Number","223","units","0","v104545648","1.8.4.1","279790","A","","","0"
"2023-01","Canada","2016A000011124","Sales and service occupations [6]","Minimum level of education required, all levels","Job vacancies","Number","223","units","0","v104545648","1.8.4.1","232855","A","","","0"
"2023-04","Canada","2016A000011124","Sales and service occupations [6]","Minimum level of education required, all levels","Job vacancies","Number","223","units","0","v104545648","1.8.4.1","261010","A","","","0"
"2023-07","Canada","2016A000011124","Sales and service occupations [6]","Minimum level of education required, all levels","Job vacancies","Number","223","units","0","v104545648","1.8.4.1","227250","A","","","0"
"2022-07","Canada","2016A000011124","Sales and service occupations [6]","No minimum level of education required","Job vacancies","Number","223","units","0","v104545651","1.8.5.1","204710","A","","","0"
"2022-10","Canada","2016A000011124","Sales and service occupations [6]","No minimum level of education required","Job vacancies","Number","223","units","0","v104545651","1.8.5.1","167605","A","","","0"
"2023-01","Canada","2016A000011124","Sales and service occupations [6]","No minimum level of education required","Job vacancies","Number","223","units","0","v104545651","1.8.5.1","128075","A","","","0"
"2023-04","Canada","2016A000011124","Sales and service occupations [6]","No minimum level of education required","Job vacancies","Number","223","units","0","v104545651","1.8.5.1","150980","A","","","0"
"2023-07","Canada","2016A000011124","Sales and service occupations [6]","No minimum level of education required","Job vacancies","Number","223","units","0","v104545651","1.8.5.1","128190","A","","","0"
"2022-07","Canada","2016A000011124","Sales and service occupations [6]","High school diploma or equivalent","Job vacancies","Number","223","units","0","v104545654","1.8.6.1","101225","A","","","0"
"2022-10","Canada","2016A000011124","Sales and service occupations [6]","High school diploma or equivalent","Job vacancies","Number","223","units","0","v104545654","1.8.6.1","81155","A","","","0"
"2023-01","Canada","2016A000011124","Sales and service occupations [6]","High school diploma or equivalent","Job vacancies","Number","223","units","0","v104545654","1.8.6.1","75015","A","","","0"
"2023-04","Canada","2016A000011124","Sales and service occupations [6]","High school diploma or equivalent","Job vacancies","Number","223","units","0","v104545654","1.8.6.1","80525","A","","","0"
"2023-07","Canada","2016A000011124","Sales and service occupations [6]","High school diploma or equivalent","Job vacancies","Number","223","units","0","v104545654","1.8.6.1","73135","A","","","0"
"2022-07","Canada","2016A000011124","Sales and service occupations [6]","Non-university certificate or diploma","Job vacancies","Number","223","units","0","v104545657","1.8.7.1","28615","A","","","0"
"2022-10","Canada","2016A000011124","Sales and service occupations [6]","Non-university certificate or diploma","Job vacancies","Number","223","units","0","v104545657","1.8.7.1","25785","A","","","0"
"2023-01","Canada","2016A000011124","Sales and service occupations [6]","Non-university certificate or diploma","Job vacancies","Number","223","units","0","v104545657","1.8.7.1","24895","A","","","0"
"2023-04","Canada","2016A000011124","Sales and service occupations [6]","Non-university certificate or diploma","Job vacancies","Number","223","units","0","v104545657","1.8.7.1","24935","A","","","0"
"2023-07","Canada","2016A000011124","Sales and service occupations [6]","Non-university certificate or diploma","Job vacancies","Number","223","units","0","v104545657","1.8.7.1","21345","A","","","0"
"2022-07","Canada","2016A000011124","Sales and service occupations [6]","University certificate or diploma below bachelor's level","Job vacancies","Number","223","units","0","v104545666","1.8.10.1","1805","C","","","0"
"2022-10","Canada","2016A000011124","Sales and service occupations [6]","University certificate or diploma below bachelor's level","Job vacancies","Number","223","units","0","v104545666","1.8.10.1","1905","C","","","0"
"2023-01","Canada","2016A000011124","Sales and service occupations [6]","University certificate or diploma below bachelor's level","Job vacancies","Number","223","units","0","v104545666","1.8.10.1","2225","B","","","0"
"2023-04","Canada","2016A000011124","Sales and service occupations [6]","University certificate or diploma below bachelor's level","Job vacancies","Number","223","units","0","v104545666","1.8.10.1","1565","C","","","0"
"2023-07","Canada","2016A000011124","Sales and service occupations [6]","University certificate or diploma below bachelor's level","Job vacancies","Number","223","units","0","v104545666","1.8.10.1","1650","C","","","0"
"2022-07","Canada","2016A000011124","Sales and service occupations [6]","Bachelor's degree","Job vacancies","Number","223","units","0","v104545672","1.8.12.1","3085","B","","","0"
"2022-10","Canada","2016A000011124","Sales and service occupations [6]","Bachelor's degree","Job vacancies","Number","223","units","0","v104545672","1.8.12.1","3210","B","","","0"
"2023-01","Canada","2016A000011124","Sales and service occupations [6]","Bachelor's degree","Job vacancies","Number","223","units","0","v104545672","1.8.12.1","2505","B","","","0"
"2023-04","Canada","2016A000011124","Sales and service occupations [6]","Bachelor's degree","Job vacancies","Number","223","units","0","v104545672","1.8.12.1","2955","B","","","0"
"2023-07","Canada","2016A000011124","Sales and service occupations [6]","Bachelor's degree","Job vacancies","Number","223","units","0","v104545672","1.8.12.1","2885","B","","","0"
"2022-07","Canada","2016A000011124","Sales and service occupations [6]","University certificate, diploma or degree above the bachelor's level","Job vacancies","Number","223","units","0","v104545675","1.8.13.1","80","E","","","0"
"2022-10","Canada","2016A000011124","Sales and service occupations [6]","University certificate, diploma or degree above the bachelor's level","Job vacancies","Number","223","units","0","v104545675","1.8.13.1","125","D","","","0"
"2023-01","Canada","2016A000011124","Sales and service occupations [6]","University certificate, diploma or degree above the bachelor's level","Job vacancies","Number","223","units","0","v104545675","1.8.13.1","","F","","","0"
"2023-04","Canada","2016A000011124","Sales and service occupations [6]","University certificate, diploma or degree above the bachelor's level","Job vacancies","Number","223","units","0","v104545675","1.8.13.1","55","E","","","0"
"2023-07","Canada","2016A000011124","Sales and service occupations [6]","University certificate, diploma or degree above the bachelor's level","Job vacancies","Number","223","units","0","v104545675","1.8.13.1","","F","","","0"
"2022-07","Canada","2016A000011124","Trades, transport and equipment operators and related occupations [7]","Minimum level of education required, all levels","Job vacancies","Number","223","units","0","v104556472","1.9.4.1","180335","A","","","0"
"2022-10","Canada","2016A000011124","Trades, transport and equipment operators and related occupations [7]","Minimum level of education required, all levels","Job vacancies","Number","223","units","0","v104556472","1.9.4.1","150375","A","","","0"
"2023-01","Canada","2016A000011124","Trades, transport and equipment operators and related occupations [7]","Minimum level of education required, all levels","Job vacancies","Number","223","units","0","v104556472","1.9.4.1","140625","A","","","0"
"2023-04","Canada","2016A000011124","Trades, transport and equipment operators and related occupations [7]","Minimum level of education required, all levels","Job vacancies","Number","223","units","0","v104556472","1.9.4.1","149710","A","","","0"
"2023-07","Canada","2016A000011124","Trades, transport and equipment operators and related occupations [7]","Minimum level of education required, all levels","Job vacancies","Number","223","units","0","v104556472","1.9.4.1","139585","A","","","0"
"2022-07","Canada","2016A000011124","Trades, transport and equipment operators and related occupations [7]","No minimum level of education required","Job vacancies","Number","223","units","0","v104556475","1.9.5.1","80125","A","","","0"
"2022-10","Canada","2016A000011124","Trades, transport and equipment operators and related occupations [7]","No minimum level of education required","Job vacancies","Number","223","units","0","v104556475","1.9.5.1","62535","A","","","0"
"2023-01","Canada","2016A000011124","Trades, transport and equipment operators and related occupations [7]","No minimum level of education required","Job vacancies","Number","223","units","0","v104556475","1.9.5.1","53740","A","","","0"
"2023-04","Canada","2016A000011124","Trades, transport and equipment operators and related occupations [7]","No minimum level of education required","Job vacancies","Number","223","units","0","v104556475","1.9.5.1","60515","A","","","0"
"2023-07","Canada","2016A000011124","Trades, transport and equipment operators and related occupations [7]","No minimum level of education required","Job vacancies","Number","223","units","0","v104556475","1.9.5.1","55620","A","","","0"
"2022-07","Canada","2016A000011124","Trades, transport and equipment operators and related occupations [7]","High school diploma or equivalent","Job vacancies","Number","223","units","0","v104556478","1.9.6.1","42830","A","","","0"
"2022-10","Canada","2016A000011124","Trades, transport and equipment operators and related occupations [7]","High school diploma or equivalent","Job vacancies","Number","223","units","0","v104556478","1.9.6.1","37055","A","","","0"
"2023-01","Canada","2016A000011124","Trades, transport and equipment operators and related occupations [7]","High school diploma or equivalent","Job vacancies","Number","223","units","0","v104556478","1.9.6.1","38680","B","","","0"
"2023-04","Canada","2016A000011124","Trades, transport and equipment operators and related occupations [7]","High school diploma or equivalent","Job vacancies","Number","223","units","0","v104556478","1.9.6.1","40405","A","","","0"
"2023-07","Canada","2016A000011124","Trades, transport and equipment operators and related occupations [7]","High school diploma or equivalent","Job vacancies","Number","223","units","0","v104556478","1.9.6.1","35560","A","","","0"
"2022-07","Canada","2016A000011124","Trades, transport and equipment operators and related occupations [7]","Non-university certificate or diploma","Job vacancies","Number","223","units","0","v104556481","1.9.7.1","57140","A","","","0"
"2022-10","Canada","2016A000011124","Trades, transport and equipment operators and related occupations [7]","Non-university certificate or diploma","Job vacancies","Number","223","units","0","v104556481","1.9.7.1","50360","A","","","0"
"2023-01","Canada","2016A000011124","Trades, transport and equipment operators and related occupations [7]","Non-university certificate or diploma","Job vacancies","Number","223","units","0","v104556481","1.9.7.1","47880","A","","","0"
"2023-04","Canada","2016A000011124","Trades, transport and equipment operators and related occupations [7]","Non-university certificate or diploma","Job vacancies","Number","223","units","0","v104556481","1.9.7.1","48410","A","","","0"
"2023-07","Canada","2016A000011124","Trades, transport and equipment operators and related occupations [7]","Non-university certificate or diploma","Job vacancies","Number","223","units","0","v104556481","1.9.7.1","48085","A","","","0"
"2022-07","Canada","2016A000011124","Trades, transport and equipment operators and related occupations [7]","University certificate or diploma below bachelor's level","Job vacancies","Number","223","units","0","v104556490","1.9.10.1","","F","","","0"
"2022-10","Canada","2016A000011124","Trades, transport and equipment operators and related occupations [7]","University certificate or diploma below bachelor's level","Job vacancies","Number","223","units","0","v104556490","1.9.10.1","","F","","","0"
"2023-01","Canada","2016A000011124","Trades, transport and equipment operators and related occupations [7]","University certificate or diploma below bachelor's level","Job vacancies","Number","223","units","0","v104556490","1.9.10.1","","F","","","0"
"2023-04","Canada","2016A000011124","Trades, transport and equipment operators and related occupations [7]","University certificate or diploma below bachelor's level","Job vacancies","Number","223","units","0","v104556490","1.9.10.1","150","E","","","0"
"2023-07","Canada","2016A000011124","Trades, transport and equipment operators and related occupations [7]","University certificate or diploma below bachelor's level","Job vacancies","Number","223","units","0","v104556490","1.9.10.1","55","D","","","0"
"2022-07","Canada","2016A000011124","Trades, transport and equipment operators and related occupations [7]","Bachelor's degree","Job vacancies","Number","223","units","0","v104556496","1.9.12.1","120","C","","","0"
"2022-10","Canada","2016A000011124","Trades, transport and equipment operators and related occupations [7]","Bachelor's degree","Job vacancies","Number","223","units","0","v104556496","1.9.12.1","215","E","","","0"
"2023-01","Canada","2016A000011124","Trades, transport and equipment operators and related occupations [7]","Bachelor's degree","Job vacancies","Number","223","units","0","v104556496","1.9.12.1","190","C","","","0"
"2023-04","Canada","2016A000011124","Trades, transport and equipment operators and related occupations [7]","Bachelor's degree","Job vacancies","Number","223","units","0","v104556496","1.9.12.1","210","C","","","0"
"2023-07","Canada","2016A000011124","Trades, transport and equipment operators and related occupations [7]","Bachelor's degree","Job vacancies","Number","223","units","0","v104556496","1.9.12.1","250","D","","","0"
"2022-07","Canada","2016A000011124","Trades, transport and equipment operators and related occupations [7]","University certificate, diploma or degree above the bachelor's level","Job vacancies","Number","223","units","0","v104556499","1.9.13.1","","F","","","0"
"2022-10","Canada","2016A000011124","Trades, transport and equipment operators and related occupations [7]","University certificate, diploma or degree above the bachelor's level","Job vacancies","Number","223","units","0","v104556499","1.9.13.1","","F","","","0"
"2023-01","Canada","2016A000011124","Trades, transport and equipment operators and related occupations [7]","University certificate, diploma or degree above the bachelor's level","Job vacancies","Number","223","units","0","v104556499","1.9.13.1","","F","","","0"
"2023-04","Canada","2016A000011124","Trades, transport and equipment operators and related occupations [7]","University certificate, diploma or degree above the bachelor's level","Job vacancies","Number","223","units","0","v104556499","1.9.13.1","","F","","","0"
"2023-07","Canada","2016A000011124","Trades, transport and equipment operators and related occupations [7]","University certificate, diploma or degree above the bachelor's level","Job vacancies","Number","223","units","0","v104556499","1.9.13.1","","F","","","0"
"2022-07","Canada","2016A000011124","Natural resources, agriculture and related production occupations [8]","Minimum level of education required, all levels","Job vacancies","Number","223","units","0","v104570596","1.10.4.1","24120","B","","","0"
"2022-10","Canada","2016A000011124","Natural resources, agriculture and related production occupations [8]","Minimum level of education required, all levels","Job vacancies","Number","223","units","0","v104570596","1.10.4.1","16180","A","","","0"
"2023-01","Canada","2016A000011124","Natural resources, agriculture and related production occupations [8]","Minimum level of education required, all levels","Job vacancies","Number","223","units","0","v104570596","1.10.4.1","17755","A","","","0"
"2023-04","Canada","2016A000011124","Natural resources, agriculture and related production occupations [8]","Minimum level of education required, all levels","Job vacancies","Number","223","units","0","v104570596","1.10.4.1","23805","A","","","0"
"2023-07","Canada","2016A000011124","Natural resources, agriculture and related production occupations [8]","Minimum level of education required, all levels","Job vacancies","Number","223","units","0","v104570596","1.10.4.1","16070","B","","","0"
"2022-07","Canada","2016A000011124","Natural resources, agriculture and related production occupations [8]","No minimum level of education required","Job vacancies","Number","223","units","0","v104570599","1.10.5.1","18635","B","","","0"
"2022-10","Canada","2016A000011124","Natural resources, agriculture and related production occupations [8]","No minimum level of education required","Job vacancies","Number","223","units","0","v104570599","1.10.5.1","11970","B","","","0"
"2023-01","Canada","2016A000011124","Natural resources, agriculture and related production occupations [8]","No minimum level of education required","Job vacancies","Number","223","units","0","v104570599","1.10.5.1","12765","B","","","0"
"2023-04","Canada","2016A000011124","Natural resources, agriculture and related production occupations [8]","No minimum level of education required","Job vacancies","Number","223","units","0","v104570599","1.10.5.1","18295","B","","","0"
"2023-07","Canada","2016A000011124","Natural resources, agriculture and related production occupations [8]","No minimum level of education required","Job vacancies","Number","223","units","0","v104570599","1.10.5.1","12120","B","","","0"
"2022-07","Canada","2016A000011124","Natural resources, agriculture and related production occupations [8]","High school diploma or equivalent","Job vacancies","Number","223","units","0","v104570602","1.10.6.1","4250","B","","","0"
"2022-10","Canada","2016A000011124","Natural resources, agriculture and related production occupations [8]","High school diploma or equivalent","Job vacancies","Number","223","units","0","v104570602","1.10.6.1","3035","B","","","0"
"2023-01","Canada","2016A000011124","Natural resources, agriculture and related production occupations [8]","High school diploma or equivalent","Job vacancies","Number","223","units","0","v104570602","1.10.6.1","3960","B","","","0"
"2023-04","Canada","2016A000011124","Natural resources, agriculture and related production occupations [8]","High school diploma or equivalent","Job vacancies","Number","223","units","0","v104570602","1.10.6.1","4495","B","","","0"
"2023-07","Canada","2016A000011124","Natural resources, agriculture and related production occupations [8]","High school diploma or equivalent","Job vacancies","Number","223","units","0","v104570602","1.10.6.1","3130","B","","","0"
"2022-07","Canada","2016A000011124","Natural resources, agriculture and related production occupations [8]","Non-university certificate or diploma","Job vacancies","Number","223","units","0","v104570605","1.10.7.1","1185","C","","","0"
"2022-10","Canada","2016A000011124","Natural resources, agriculture and related production occupations [8]","Non-university certificate or diploma","Job vacancies","Number","223","units","0","v104570605","1.10.7.1","1140","D","","","0"
"2023-01","Canada","2016A000011124","Natural resources, agriculture and related production occupations [8]","Non-university certificate or diploma","Job vacancies","Number","223","units","0","v104570605","1.10.7.1","935","C","","","0"
"2023-04","Canada","2016A000011124","Natural resources, agriculture and related production occupations [8]","Non-university certificate or diploma","Job vacancies","Number","223","units","0","v104570605","1.10.7.1","960","C","","","0"
"2023-07","Canada","2016A000011124","Natural resources, agriculture and related production occupations [8]","Non-university certificate or diploma","Job vacancies","Number","223","units","0","v104570605","1.10.7.1","745","C","","","0"
"2022-07","Canada","2016A000011124","Natural resources, agriculture and related production occupations [8]","University certificate or diploma below bachelor's level","Job vacancies","Number","223","units","0","v104570614","1.10.10.1","","F","","","0"
"2022-10","Canada","2016A000011124","Natural resources, agriculture and related production occupations [8]","University certificate or diploma below bachelor's level","Job vacancies","Number","223","units","0","v104570614","1.10.10.1","20","E","","","0"
"2023-01","Canada","2016A000011124","Natural resources, agriculture and related production occupations [8]","University certificate or diploma below bachelor's level","Job vacancies","Number","223","units","0","v104570614","1.10.10.1","","F","","","0"
"2023-04","Canada","2016A000011124","Natural resources, agriculture and related production occupations [8]","University certificate or diploma below bachelor's level","Job vacancies","Number","223","units","0","v104570614","1.10.10.1","","F","","","0"
"2023-07","Canada","2016A000011124","Natural resources, agriculture and related production occupations [8]","University certificate or diploma below bachelor's level","Job vacancies","Number","223","units","0","v104570614","1.10.10.1","","F","","","0"
"2022-07","Canada","2016A000011124","Natural resources, agriculture and related production occupations [8]","Bachelor's degree","Job vacancies","Number","223","units","0","v104570620","1.10.12.1","35","E","","","0"
"2022-10","Canada","2016A000011124","Natural resources, agriculture and related production occupations [8]","Bachelor's degree","Job vacancies","Number","223","units","0","v104570620","1.10.12.1","10","D","","","0"
"2023-01","Canada","2016A000011124","Natural resources, agriculture and related production occupations [8]","Bachelor's degree","Job vacancies","Number","223","units","0","v104570620","1.10.12.1","40","D","","","0"
"2023-04","Canada","2016A000011124","Natural resources, agriculture and related production occupations [8]","Bachelor's degree","Job vacancies","Number","223","units","0","v104570620","1.10.12.1","25","D","","","0"
"2023-07","Canada","2016A000011124","Natural resources, agriculture and related production occupations [8]","Bachelor's degree","Job vacancies","Number","223","units","0","v104570620","1.10.12.1","50","E","","","0"
"2022-07","Canada","2016A000011124","Natural resources, agriculture and related production occupations [8]","University certificate, diploma or degree above the bachelor's level","Job vacancies","Number","223","units","0","v104570623","1.10.13.1","0","A","","","0"
"2022-10","Canada","2016A000011124","Natural resources, agriculture and related production occupations [8]","University certificate, diploma or degree above the bachelor's level","Job vacancies","Number","223","units","0","v104570623","1.10.13.1","0","","","","0"
"2023-01","Canada","2016A000011124","Natural resources, agriculture and related production occupations [8]","University certificate, diploma or degree above the bachelor's level","Job vacancies","Number","223","units","0","v104570623","1.10.13.1","","F","","","0"
"2023-04","Canada","2016A000011124","Natural resources, agriculture and related production occupations [8]","University certificate, diploma or degree above the bachelor's level","Job vacancies","Number","223","units","0","v104570623","1.10.13.1","","F","","","0"
"2023-07","Canada","2016A000011124","Natural resources, agriculture and related production occupations [8]","University certificate, diploma or degree above the bachelor's level","Job vacancies","Number","223","units","0","v104570623","1.10.13.1","0","","","","0"
"2022-07","Canada","2016A000011124","Occupations in manufacturing and utilities [9]","Minimum level of education required, all levels","Job vacancies","Number","223","units","0","v104575744","1.11.4.1","51245","A","","","0"
"2022-10","Canada","2016A000011124","Occupations in manufacturing and utilities [9]","Minimum level of education required, all levels","Job vacancies","Number","223","units","0","v104575744","1.11.4.1","41475","A","","","0"
"2023-01","Canada","2016A000011124","Occupations in manufacturing and utilities [9]","Minimum level of education required, all levels","Job vacancies","Number","223","units","0","v104575744","1.11.4.1","33040","A","","","0"
"2023-04","Canada","2016A000011124","Occupations in manufacturing and utilities [9]","Minimum level of education required, all levels","Job vacancies","Number","223","units","0","v104575744","1.11.4.1","32965","A","","","0"
"2023-07","Canada","2016A000011124","Occupations in manufacturing and utilities [9]","Minimum level of education required, all levels","Job vacancies","Number","223","units","0","v104575744","1.11.4.1","28900","A","","","0"
"2022-07","Canada","2016A000011124","Occupations in manufacturing and utilities [9]","No minimum level of education required","Job vacancies","Number","223","units","0","v104575747","1.11.5.1","31110","A","","","0"
"2022-10","Canada","2016A000011124","Occupations in manufacturing and utilities [9]","No minimum level of education required","Job vacancies","Number","223","units","0","v104575747","1.11.5.1","24265","A","","","0"
"2023-01","Canada","2016A000011124","Occupations in manufacturing and utilities [9]","No minimum level of education required","Job vacancies","Number","223","units","0","v104575747","1.11.5.1","18890","A","","","0"
"2023-04","Canada","2016A000011124","Occupations in manufacturing and utilities [9]","No minimum level of education required","Job vacancies","Number","223","units","0","v104575747","1.11.5.1","16855","A","","","0"
"2023-07","Canada","2016A000011124","Occupations in manufacturing and utilities [9]","No minimum level of education required","Job vacancies","Number","223","units","0","v104575747","1.11.5.1","15355","B","","","0"
"2022-07","Canada","2016A000011124","Occupations in manufacturing and utilities [9]","High school diploma or equivalent","Job vacancies","Number","223","units","0","v104575750","1.11.6.1","14475","A","","","0"
"2022-10","Canada","2016A000011124","Occupations in manufacturing and utilities [9]","High school diploma or equivalent","Job vacancies","Number","223","units","0","v104575750","1.11.6.1","13285","B","","","0"
"2023-01","Canada","2016A000011124","Occupations in manufacturing and utilities [9]","High school diploma or equivalent","Job vacancies","Number","223","units","0","v104575750","1.11.6.1","10715","A","","","0"
"2023-04","Canada","2016A000011124","Occupations in manufacturing and utilities [9]","High school diploma or equivalent","Job vacancies","Number","223","units","0","v104575750","1.11.6.1","12035","A","","","0"
"2023-07","Canada","2016A000011124","Occupations in manufacturing and utilities [9]","High school diploma or equivalent","Job vacancies","Number","223","units","0","v104575750","1.11.6.1","10165","A","","","0"
"2022-07","Canada","2016A000011124","Occupations in manufacturing and utilities [9]","Non-university certificate or diploma","Job vacancies","Number","223","units","0","v104575753","1.11.7.1","5130","B","","","0"
"2022-10","Canada","2016A000011124","Occupations in manufacturing and utilities [9]","Non-university certificate or diploma","Job vacancies","Number","223","units","0","v104575753","1.11.7.1","3470","B","","","0"
"2023-01","Canada","2016A000011124","Occupations in manufacturing and utilities [9]","Non-university certificate or diploma","Job vacancies","Number","223","units","0","v104575753","1.11.7.1","3040","B","","","0"
"2023-04","Canada","2016A000011124","Occupations in manufacturing and utilities [9]","Non-university certificate or diploma","Job vacancies","Number","223","units","0","v104575753","1.11.7.1","3660","B","","","0"
"2023-07","Canada","2016A000011124","Occupations in manufacturing and utilities [9]","Non-university certificate or diploma","Job vacancies","Number","223","units","0","v104575753","1.11.7.1","3165","B","","","0"
"2022-07","Canada","2016A000011124","Occupations in manufacturing and utilities [9]","University certificate or diploma below bachelor's level","Job vacancies","Number","223","units","0","v104575762","1.11.10.1","180","D","","","0"
"2022-10","Canada","2016A000011124","Occupations in manufacturing and utilities [9]","University certificate or diploma below bachelor's level","Job vacancies","Number","223","units","0","v104575762","1.11.10.1","100","E","","","0"
"2023-01","Canada","2016A000011124","Occupations in manufacturing and utilities [9]","University certificate or diploma below bachelor's level","Job vacancies","Number","223","units","0","v104575762","1.11.10.1","180","D","","","0"
"2023-04","Canada","2016A000011124","Occupations in manufacturing and utilities [9]","University certificate or diploma below bachelor's level","Job vacancies","Number","223","units","0","v104575762","1.11.10.1","165","D","","","0"
"2023-07","Canada","2016A000011124","Occupations in manufacturing and utilities [9]","University certificate or diploma below bachelor's level","Job vacancies","Number","223","units","0","v104575762","1.11.10.1","50","C","","","0"
"2022-07","Canada","2016A000011124","Occupations in manufacturing and utilities [9]","Bachelor's degree","Job vacancies","Number","223","units","0","v104575768","1.11.12.1","260","C","","","0"
"2022-10","Canada","2016A000011124","Occupations in manufacturing and utilities [9]","Bachelor's degree","Job vacancies","Number","223","units","0","v104575768","1.11.12.1","340","D","","","0"
"2023-01","Canada","2016A000011124","Occupations in manufacturing and utilities [9]","Bachelor's degree","Job vacancies","Number","223","units","0","v104575768","1.11.12.1","215","C","","","0"
"2023-04","Canada","2016A000011124","Occupations in manufacturing and utilities [9]","Bachelor's degree","Job vacancies","Number","223","units","0","v104575768","1.11.12.1","245","C","","","0"
"2023-07","Canada","2016A000011124","Occupations in manufacturing and utilities [9]","Bachelor's degree","Job vacancies","Number","223","units","0","v104575768","1.11.12.1","160","B","","","0"
"2022-07","Canada","2016A000011124","Occupations in manufacturing and utilities [9]","University certificate, diploma or degree above the bachelor's level","Job vacancies","Number","223","units","0","v104575771","1.11.13.1","90","E","","","0"
"2022-10","Canada","2016A000011124","Occupations in manufacturing and utilities [9]","University certificate, diploma or degree above the bachelor's level","Job vacancies","Number","223","units","0","v104575771","1.11.13.1","10","E","","","0"
"2023-01","Canada","2016A000011124","Occupations in manufacturing and utilities [9]","University certificate, diploma or degree above the bachelor's level","Job vacancies","Number","223","units","0","v104575771","1.11.13.1","0","E","","","0"
"2023-04","Canada","2016A000011124","Occupations in manufacturing and utilities [9]","University certificate, diploma or degree above the bachelor's level","Job vacancies","Number","223","units","0","v104575771","1.11.13.1","","F","","","0"
"2023-07","Canada","2016A000011124","Occupations in manufacturing and utilities [9]","University certificate, diploma or degree above the bachelor's level","Job vacancies","Number","223","units","0","v104575771","1.11.13.1","5","E","","","0"
"2022-07","Canada","2016A000011124","Unclassified occupations","Minimum level of education required, all levels","Job vacancies","Number","223","units","0","v104587492","1.12.4.1","3380","C","","","0"
"2022-10","Canada","2016A000011124","Unclassified occupations","Minimum level of education required, all levels","Job vacancies","Number","223","units","0","v104587492","1.12.4.1","","F","","","0"
"2023-01","Canada","2016A000011124","Unclassified occupations","Minimum level of education required, all levels","Job vacancies","Number","223","units","0","v104587492","1.12.4.1","","F","","","0"
"2023-04","Canada","2016A000011124","Unclassified occupations","Minimum level of education required, all levels","Job vacancies","Number","223","units","0","v104587492","1.12.4.1","","F","","","0"
"2023-07","Canada","2016A000011124","Unclassified occupations","Minimum level of education required, all levels","Job vacancies","Number","223","units","0","v104587492","1.12.4.1","","F","","","0"
"2022-07","Canada","2016A000011124","Unclassified occupations","No minimum level of education required","Job vacancies","Number","223","units","0","v104587495","1.12.5.1","125","C","","","0"
"2022-10","Canada","2016A000011124","Unclassified occupations","No minimum level of education required","Job vacancies","Number","223","units","0","v104587495","1.12.5.1","","F","","","0"
"2023-01","Canada","2016A000011124","Unclassified occupations","No minimum level of education required","Job vacancies","Number","223","units","0","v104587495","1.12.5.1","","F","","","0"
"2023-04","Canada","2016A000011124","Unclassified occupations","No minimum level of education required","Job vacancies","Number","223","units","0","v104587495","1.12.5.1","","F","","","0"
"2023-07","Canada","2016A000011124","Unclassified occupations","No minimum level of education required","Job vacancies","Number","223","units","0","v104587495","1.12.5.1","","F","","","0"
"2022-07","Canada","2016A000011124","Unclassified occupations","High school diploma or equivalent","Job vacancies","Number","223","units","0","v104587498","1.12.6.1","","F","","","0"
"2022-10","Canada","2016A000011124","Unclassified occupations","High school diploma or equivalent","Job vacancies","Number","223","units","0","v104587498","1.12.6.1","","F","","","0"
"2023-01","Canada","2016A000011124","Unclassified occupations","High school diploma or equivalent","Job vacancies","Number","223","units","0","v104587498","1.12.6.1","","F","","","0"
"2023-04","Canada","2016A000011124","Unclassified occupations","High school diploma or equivalent","Job vacancies","Number","223","units","0","v104587498","1.12.6.1","","F","","","0"
"2023-07","Canada","2016A000011124","Unclassified occupations","High school diploma or equivalent","Job vacancies","Number","223","units","0","v104587498","1.12.6.1","","F","","","0"
"2022-07","Canada","2016A000011124","Unclassified occupations","Non-university certificate or diploma","Job vacancies","Number","223","units","0","v104587501","1.12.7.1","","F","","","0"
"2022-10","Canada","2016A000011124","Unclassified occupations","Non-university certificate or diploma","Job vacancies","Number","223","units","0","v104587501","1.12.7.1","","F","","","0"
"2023-01","Canada","2016A000011124","Unclassified occupations","Non-university certificate or diploma","Job vacancies","Number","223","units","0","v104587501","1.12.7.1","","F","","","0"
"2023-04","Canada","2016A000011124","Unclassified occupations","Non-university certificate or diploma","Job vacancies","Number","223","units","0","v104587501","1.12.7.1","","F","","","0"
"2023-07","Canada","2016A000011124","Unclassified occupations","Non-university certificate or diploma","Job vacancies","Number","223","units","0","v104587501","1.12.7.1","","F","","","0"
"2022-07","Canada","2016A000011124","Unclassified occupations","University certificate or diploma below bachelor's level","Job vacancies","Number","223","units","0","v104587510","1.12.10.1","","F","","","0"
"2022-10","Canada","2016A000011124","Unclassified occupations","University certificate or diploma below bachelor's level","Job vacancies","Number","223","units","0","v104587510","1.12.10.1","","F","","","0"
"2023-01","Canada","2016A000011124","Unclassified occupations","University certificate or diploma below bachelor's level","Job vacancies","Number","223","units","0","v104587510","1.12.10.1","","F","","","0"
"2023-04","Canada","2016A000011124","Unclassified occupations","University certificate or diploma below bachelor's level","Job vacancies","Number","223","units","0","v104587510","1.12.10.1","0","","","","0"
"2023-07","Canada","2016A000011124","Unclassified occupations","University certificate or diploma below bachelor's level","Job vacancies","Number","223","units","0","v104587510","1.12.10.1","","F","","","0"
"2022-07","Canada","2016A000011124","Unclassified occupations","Bachelor's degree","Job vacancies","Number","223","units","0","v104587516","1.12.12.1","2855","D","","","0"
"2022-10","Canada","2016A000011124","Unclassified occupations","Bachelor's degree","Job vacancies","Number","223","units","0","v104587516","1.12.12.1","","F","","","0"
"2023-01","Canada","2016A000011124","Unclassified occupations","Bachelor's degree","Job vacancies","Number","223","units","0","v104587516","1.12.12.1","","F","","","0"
"2023-04","Canada","2016A000011124","Unclassified occupations","Bachelor's degree","Job vacancies","Number","223","units","0","v104587516","1.12.12.1","","F","","","0"
"2023-07","Canada","2016A000011124","Unclassified occupations","Bachelor's degree","Job vacancies","Number","223","units","0","v104587516","1.12.12.1","","F","","","0"
"2022-07","Canada","2016A000011124","Unclassified occupations","University certificate, diploma or degree above the bachelor's level","Job vacancies","Number","223","units","0","v104587519","1.12.13.1","","F","","","0"
"2022-10","Canada","2016A000011124","Unclassified occupations","University certificate, diploma or degree above the bachelor's level","Job vacancies","Number","223","units","0","v104587519","1.12.13.1","","F","","","0"
"2023-01","Canada","2016A000011124","Unclassified occupations","University certificate, diploma or degree above the bachelor's level","Job vacancies","Number","223","units","0","v104587519","1.12.13.1","90","E","","","0"
"2023-04","Canada","2016A000011124","Unclassified occupations","University certificate, diploma or degree above the bachelor's level","Job vacancies","Number","223","units","0","v104587519","1.12.13.1","","F","","","0"
"2023-07","Canada","2016A000011124","Unclassified occupations","University certificate, diploma or degree above the bachelor's level","Job vacancies","Number","223","units","0","v104587519","1.12.13.1","","F","","","0"


